"ID","Description","GeneRatio","BgRatio","pvalue","p.adjust","qvalue","geneID","Count"
"ec00121","Secondary bile acid biosynthesis","4/11","36/5704",4.27497502296617e-07,3.84747752066955e-06,2.24998685419272e-06,"C17647/C02528/C00695/C15517",4
"ec00120","Primary bile acid biosynthesis","2/11","47/5704",0.00348626666138782,0.0156881999762452,0.00917438595102057,"C02528/C00695",2
"ec00061","Fatty acid biosynthesis","2/11","58/5704",0.00526961293452327,0.0158088388035698,0.00924493497284785,"C02679/C06424",2
