"ID","Description","GeneRatio","BgRatio","pvalue","p.adjust","qvalue","geneID","Count"
"ec01040","Biosynthesis of unsaturated fatty acids","6/27","74/5704",9.26304534774242e-07,2.59365269736788e-05,2.04762055055359e-05,"C00219/C06428/C06429/C16527/C03242/C16525",6
"ec00260","Glycine, serine and threonine metabolism","3/27","48/5704",0.00141975054669846,0.0155314400708451,0.0122616632138251,"C00719/C00300/C00114",3
"ec00760","Nicotinate and nicotinamide metabolism","3/27","55/5704",0.00210653831617633,0.0155314400708451,0.0122616632138251,"C00253/C05380/C05842",3
"ec00564","Glycerophospholipid metabolism","3/27","56/5704",0.00221877715297787,0.0155314400708451,0.0122616632138251,"C00670/C00114/C04230",3
"ec00600","Sphingolipid metabolism","2/27","27/5704",0.00704158320553044,0.0352856512870526,0.0278570931213573,"C00195/C00550",2
"ec00591","Linoleic acid metabolism","2/27","28/5704",0.0075612109900827,0.0352856512870526,0.0278570931213573,"C00219/C03242",2
